{"cameraMode":{"drawMode":0,"name":"Shaded","section":"Shading Mode"},"sceneLighting":true,"audioPlay":false,"sceneViewState":{"showFog":true,"showMaterialUpdate":false,"showSkybox":true,"showFlares":true,"showImageEffects":true,"showParticleSystems":true},"in2DMode":false,"pivot":{"x":15.661828994750977,"y":18.316509246826173,"z":18.459630966186525},"rotation":{"x":-0.1191987544298172,"y":0.8798326253890991,"z":-0.34664011001586916,"w":-0.3025427460670471},"size":11.136433601379395,"orthographic":false}